DATAFLOW_ID:Dataflow ID,KEY:Timeseries Key,FREQ:Frequency,BORROWERS_CTY:Borrowers' country,TC_BORROWERS:Borrowing sector,TC_LENDERS:Lending sector,CG_DTYPE:Credit gap data type,Unit,Unit multiplier,TIME_PERIOD:Period,OBS_CONF:Confidentiality,OBS_PRE_BREAK:Pre-break value,OBS_STATUS:Status,OBS_VALUE:Value
"BIS,WS_CREDIT_GAP,1.0",Q.IN.P.A.A,Q:Quarterly,IN:India,P:Private non-financial sector,A:All sectors,A:Credit-to-GDP ratios (actual data),Percentage of GDP,Units,1951-06-30,F:Free,,A:Normal value,23.6
"BIS,WS_CREDIT_GAP,1.0",Q.IN.P.A.A,Q:Quarterly,IN:India,P:Private non-financial sector,A:All sectors,A:Credit-to-GDP ratios (actual data),Percentage of GDP,Units,1951-09-30,F:Free,,A:Normal value,22.0
"BIS,WS_CREDIT_GAP,1.0",Q.IN.P.A.A,Q:Quarterly,IN:India,P:Private non-financial sector,A:All sectors,A:Credit-to-GDP ratios (actual data),Percentage of GDP,Units,1951-12-31,F:Free,,A:Normal value,21.6
"BIS,WS_CREDIT_GAP,1.0",Q.IN.P.A.A,Q:Quarterly,IN:India,P:Private non-financial sector,A:All sectors,A:Credit-to-GDP ratios (actual data),Percentage of GDP,Units,1952-03-31,F:Free,,A:Normal value,21.7
"BIS,WS_CREDIT_GAP,1.0",Q.IN.P.A.A,Q:Quarterly,IN:India,P:Private non-financial sector,A:All sectors,A:Credit-to-GDP ratios (actual data),Percentage of GDP,Units,1952-06-30,F:Free,,A:Normal value,21.9
"BIS,WS_CREDIT_GAP,1.0",Q.IN.P.A.A,Q:Quarterly,IN:India,P:Private non-financial sector,A:All sectors,A:Credit-to-GDP ratios (actual data),Percentage of GDP,Units,1952-09-30,F:Free,,A:Normal value,21.6
"BIS,WS_CREDIT_GAP,1.0",Q.IN.P.A.A,Q:Quarterly,IN:India,P:Private non-financial sector,A:All sectors,A:Credit-to-GDP ratios (actual data),Percentage of GDP,Units,1952-12-31,F:Free,,A:Normal value,21.4
"BIS,WS_CREDIT_GAP,1.0",Q.IN.P.A.A,Q:Quarterly,IN:India,P:Private non-financial sector,A:All sectors,A:Credit-to-GDP ratios (actual data),Percentage of GDP,Units,1953-03-31,F:Free,,A:Normal value,21.6
"BIS,WS_CREDIT_GAP,1.0",Q.IN.P.A.A,Q:Quarterly,IN:India,P:Private non-financial sector,A:All sectors,A:Credit-to-GDP ratios (actual data),Percentage of GDP,Units,1953-06-30,F:Free,,A:Normal value,21.3
"BIS,WS_CREDIT_GAP,1.0",Q.IN.P.A.A,Q:Quarterly,IN:India,P:Private non-financial sector,A:All sectors,A:Credit-to-GDP ratios (actual data),Percentage of GDP,Units,1953-09-30,F:Free,,A:Normal value,20.0
"BIS,WS_CREDIT_GAP,1.0",Q.IN.P.A.A,Q:Quarterly,IN:India,P:Private non-financial sector,A:All sectors,A:Credit-to-GDP ratios (actual data),Percentage of GDP,Units,1953-12-31,F:Free,,A:Normal value,20.1
"BIS,WS_CREDIT_GAP,1.0",Q.IN.P.A.A,Q:Quarterly,IN:India,P:Private non-financial sector,A:All sectors,A:Credit-to-GDP ratios (actual data),Percentage of GDP,Units,1954-03-31,F:Free,,A:Normal value,21.0
"BIS,WS_CREDIT_GAP,1.0",Q.IN.P.A.A,Q:Quarterly,IN:India,P:Private non-financial sector,A:All sectors,A:Credit-to-GDP ratios (actual data),Percentage of GDP,Units,1954-06-30,F:Free,,A:Normal value,21.4
"BIS,WS_CREDIT_GAP,1.0",Q.IN.P.A.A,Q:Quarterly,IN:India,P:Private non-financial sector,A:All sectors,A:Credit-to-GDP ratios (actual data),Percentage of GDP,Units,1954-09-30,F:Free,,A:Normal value,21.7
"BIS,WS_CREDIT_GAP,1.0",Q.IN.P.A.A,Q:Quarterly,IN:India,P:Private non-financial sector,A:All sectors,A:Credit-to-GDP ratios (actual data),Percentage of GDP,Units,1954-12-31,F:Free,,A:Normal value,22.9
"BIS,WS_CREDIT_GAP,1.0",Q.IN.P.A.A,Q:Quarterly,IN:India,P:Private non-financial sector,A:All sectors,A:Credit-to-GDP ratios (actual data),Percentage of GDP,Units,1955-03-31,F:Free,,A:Normal value,24.2
"BIS,WS_CREDIT_GAP,1.0",Q.IN.P.A.A,Q:Quarterly,IN:India,P:Private non-financial sector,A:All sectors,A:Credit-to-GDP ratios (actual data),Percentage of GDP,Units,1955-06-30,F:Free,,A:Normal value,25.0
"BIS,WS_CREDIT_GAP,1.0",Q.IN.P.A.A,Q:Quarterly,IN:India,P:Private non-financial sector,A:All sectors,A:Credit-to-GDP ratios (actual data),Percentage of GDP,Units,1955-09-30,F:Free,,A:Normal value,24.8
"BIS,WS_CREDIT_GAP,1.0",Q.IN.P.A.A,Q:Quarterly,IN:India,P:Private non-financial sector,A:All sectors,A:Credit-to-GDP ratios (actual data),Percentage of GDP,Units,1955-12-31,F:Free,,A:Normal value,25.1
"BIS,WS_CREDIT_GAP,1.0",Q.IN.P.A.A,Q:Quarterly,IN:India,P:Private non-financial sector,A:All sectors,A:Credit-to-GDP ratios (actual data),Percentage of GDP,Units,1956-03-31,F:Free,,A:Normal value,25.4
"BIS,WS_CREDIT_GAP,1.0",Q.IN.P.A.A,Q:Quarterly,IN:India,P:Private non-financial sector,A:All sectors,A:Credit-to-GDP ratios (actual data),Percentage of GDP,Units,1956-06-30,F:Free,,A:Normal value,24.5
"BIS,WS_CREDIT_GAP,1.0",Q.IN.P.A.A,Q:Quarterly,IN:India,P:Private non-financial sector,A:All sectors,A:Credit-to-GDP ratios (actual data),Percentage of GDP,Units,1956-09-30,F:Free,,A:Normal value,22.7
"BIS,WS_CREDIT_GAP,1.0",Q.IN.P.A.A,Q:Quarterly,IN:India,P:Private non-financial sector,A:All sectors,A:Credit-to-GDP ratios (actual data),Percentage of GDP,Units,1956-12-31,F:Free,,A:Normal value,22.6
"BIS,WS_CREDIT_GAP,1.0",Q.IN.P.A.A,Q:Quarterly,IN:India,P:Private non-financial sector,A:All sectors,A:Credit-to-GDP ratios (actual data),Percentage of GDP,Units,1957-03-31,F:Free,,A:Normal value,23.4
"BIS,WS_CREDIT_GAP,1.0",Q.IN.P.A.A,Q:Quarterly,IN:India,P:Private non-financial sector,A:All sectors,A:Credit-to-GDP ratios (actual data),Percentage of GDP,Units,1957-06-30,F:Free,,A:Normal value,24.2
"BIS,WS_CREDIT_GAP,1.0",Q.IN.P.A.A,Q:Quarterly,IN:India,P:Private non-financial sector,A:All sectors,A:Credit-to-GDP ratios (actual data),Percentage of GDP,Units,1957-09-30,F:Free,,A:Normal value,23.7
"BIS,WS_CREDIT_GAP,1.0",Q.IN.P.A.A,Q:Quarterly,IN:India,P:Private non-financial sector,A:All sectors,A:Credit-to-GDP ratios (actual data),Percentage of GDP,Units,1957-12-31,F:Free,,A:Normal value,24.1
"BIS,WS_CREDIT_GAP,1.0",Q.IN.P.A.A,Q:Quarterly,IN:India,P:Private non-financial sector,A:All sectors,A:Credit-to-GDP ratios (actual data),Percentage of GDP,Units,1958-03-31,F:Free,,A:Normal value,24.9
"BIS,WS_CREDIT_GAP,1.0",Q.IN.P.A.A,Q:Quarterly,IN:India,P:Private non-financial sector,A:All sectors,A:Credit-to-GDP ratios (actual data),Percentage of GDP,Units,1958-06-30,F:Free,,A:Normal value,24.4
"BIS,WS_CREDIT_GAP,1.0",Q.IN.P.A.A,Q:Quarterly,IN:India,P:Private non-financial sector,A:All sectors,A:Credit-to-GDP ratios (actual data),Percentage of GDP,Units,1958-09-30,F:Free,,A:Normal value,23.5
"BIS,WS_CREDIT_GAP,1.0",Q.IN.P.A.A,Q:Quarterly,IN:India,P:Private non-financial sector,A:All sectors,A:Credit-to-GDP ratios (actual data),Percentage of GDP,Units,1958-12-31,F:Free,,A:Normal value,23.7
"BIS,WS_CREDIT_GAP,1.0",Q.IN.P.A.A,Q:Quarterly,IN:India,P:Private non-financial sector,A:All sectors,A:Credit-to-GDP ratios (actual data),Percentage of GDP,Units,1959-03-31,F:Free,,A:Normal value,24.7
"BIS,WS_CREDIT_GAP,1.0",Q.IN.P.A.A,Q:Quarterly,IN:India,P:Private non-financial sector,A:All sectors,A:Credit-to-GDP ratios (actual data),Percentage of GDP,Units,1959-06-30,F:Free,,A:Normal value,25.2
"BIS,WS_CREDIT_GAP,1.0",Q.IN.P.A.A,Q:Quarterly,IN:India,P:Private non-financial sector,A:All sectors,A:Credit-to-GDP ratios (actual data),Percentage of GDP,Units,1959-09-30,F:Free,,A:Normal value,24.9
"BIS,WS_CREDIT_GAP,1.0",Q.IN.P.A.A,Q:Quarterly,IN:India,P:Private non-financial sector,A:All sectors,A:Credit-to-GDP ratios (actual data),Percentage of GDP,Units,1959-12-31,F:Free,,A:Normal value,25.3
"BIS,WS_CREDIT_GAP,1.0",Q.IN.P.A.A,Q:Quarterly,IN:India,P:Private non-financial sector,A:All sectors,A:Credit-to-GDP ratios (actual data),Percentage of GDP,Units,1960-03-31,F:Free,,A:Normal value,26.0
"BIS,WS_CREDIT_GAP,1.0",Q.IN.P.A.A,Q:Quarterly,IN:India,P:Private non-financial sector,A:All sectors,A:Credit-to-GDP ratios (actual data),Percentage of GDP,Units,1960-06-30,F:Free,,A:Normal value,25.9
"BIS,WS_CREDIT_GAP,1.0",Q.IN.P.A.A,Q:Quarterly,IN:India,P:Private non-financial sector,A:All sectors,A:Credit-to-GDP ratios (actual data),Percentage of GDP,Units,1960-09-30,F:Free,,A:Normal value,24.7
"BIS,WS_CREDIT_GAP,1.0",Q.IN.P.A.A,Q:Quarterly,IN:India,P:Private non-financial sector,A:All sectors,A:Credit-to-GDP ratios (actual data),Percentage of GDP,Units,1960-12-31,F:Free,,A:Normal value,24.1
"BIS,WS_CREDIT_GAP,1.0",Q.IN.P.A.A,Q:Quarterly,IN:India,P:Private non-financial sector,A:All sectors,A:Credit-to-GDP ratios (actual data),Percentage of GDP,Units,1961-03-31,F:Free,,A:Normal value,24.4
"BIS,WS_CREDIT_GAP,1.0",Q.IN.P.A.A,Q:Quarterly,IN:India,P:Private non-financial sector,A:All sectors,A:Credit-to-GDP ratios (actual data),Percentage of GDP,Units,1961-06-30,F:Free,,A:Normal value,24.0
"BIS,WS_CREDIT_GAP,1.0",Q.IN.P.A.A,Q:Quarterly,IN:India,P:Private non-financial sector,A:All sectors,A:Credit-to-GDP ratios (actual data),Percentage of GDP,Units,1961-09-30,F:Free,,A:Normal value,23.3
"BIS,WS_CREDIT_GAP,1.0",Q.IN.P.A.A,Q:Quarterly,IN:India,P:Private non-financial sector,A:All sectors,A:Credit-to-GDP ratios (actual data),Percentage of GDP,Units,1961-12-31,F:Free,,A:Normal value,23.6
"BIS,WS_CREDIT_GAP,1.0",Q.IN.P.A.A,Q:Quarterly,IN:India,P:Private non-financial sector,A:All sectors,A:Credit-to-GDP ratios (actual data),Percentage of GDP,Units,1962-03-31,F:Free,,A:Normal value,24.7
"BIS,WS_CREDIT_GAP,1.0",Q.IN.P.A.A,Q:Quarterly,IN:India,P:Private non-financial sector,A:All sectors,A:Credit-to-GDP ratios (actual data),Percentage of GDP,Units,1962-06-30,F:Free,,A:Normal value,25.0
"BIS,WS_CREDIT_GAP,1.0",Q.IN.P.A.A,Q:Quarterly,IN:India,P:Private non-financial sector,A:All sectors,A:Credit-to-GDP ratios (actual data),Percentage of GDP,Units,1962-09-30,F:Free,,A:Normal value,24.3
"BIS,WS_CREDIT_GAP,1.0",Q.IN.P.A.A,Q:Quarterly,IN:India,P:Private non-financial sector,A:All sectors,A:Credit-to-GDP ratios (actual data),Percentage of GDP,Units,1962-12-31,F:Free,,A:Normal value,24.2
"BIS,WS_CREDIT_GAP,1.0",Q.IN.P.A.A,Q:Quarterly,IN:India,P:Private non-financial sector,A:All sectors,A:Credit-to-GDP ratios (actual data),Percentage of GDP,Units,1963-03-31,F:Free,,A:Normal value,24.3
"BIS,WS_CREDIT_GAP,1.0",Q.IN.P.A.A,Q:Quarterly,IN:India,P:Private non-financial sector,A:All sectors,A:Credit-to-GDP ratios (actual data),Percentage of GDP,Units,1963-06-30,F:Free,,A:Normal value,24.2
"BIS,WS_CREDIT_GAP,1.0",Q.IN.P.A.A,Q:Quarterly,IN:India,P:Private non-financial sector,A:All sectors,A:Credit-to-GDP ratios (actual data),Percentage of GDP,Units,1963-09-30,F:Free,,A:Normal value,23.3
"BIS,WS_CREDIT_GAP,1.0",Q.IN.P.A.A,Q:Quarterly,IN:India,P:Private non-financial sector,A:All sectors,A:Credit-to-GDP ratios (actual data),Percentage of GDP,Units,1963-12-31,F:Free,,A:Normal value,23.3
"BIS,WS_CREDIT_GAP,1.0",Q.IN.P.A.A,Q:Quarterly,IN:India,P:Private non-financial sector,A:All sectors,A:Credit-to-GDP ratios (actual data),Percentage of GDP,Units,1964-03-31,F:Free,,A:Normal value,23.1
"BIS,WS_CREDIT_GAP,1.0",Q.IN.P.A.A,Q:Quarterly,IN:India,P:Private non-financial sector,A:All sectors,A:Credit-to-GDP ratios (actual data),Percentage of GDP,Units,1964-06-30,F:Free,,A:Normal value,22.7
"BIS,WS_CREDIT_GAP,1.0",Q.IN.P.A.A,Q:Quarterly,IN:India,P:Private non-financial sector,A:All sectors,A:Credit-to-GDP ratios (actual data),Percentage of GDP,Units,1964-09-30,F:Free,,A:Normal value,21.9
"BIS,WS_CREDIT_GAP,1.0",Q.IN.P.A.A,Q:Quarterly,IN:India,P:Private non-financial sector,A:All sectors,A:Credit-to-GDP ratios (actual data),Percentage of GDP,Units,1964-12-31,F:Free,,A:Normal value,21.9
"BIS,WS_CREDIT_GAP,1.0",Q.IN.P.A.A,Q:Quarterly,IN:India,P:Private non-financial sector,A:All sectors,A:Credit-to-GDP ratios (actual data),Percentage of GDP,Units,1965-03-31,F:Free,,A:Normal value,22.2
"BIS,WS_CREDIT_GAP,1.0",Q.IN.P.A.A,Q:Quarterly,IN:India,P:Private non-financial sector,A:All sectors,A:Credit-to-GDP ratios (actual data),Percentage of GDP,Units,1965-06-30,F:Free,,A:Normal value,22.7
"BIS,WS_CREDIT_GAP,1.0",Q.IN.P.A.A,Q:Quarterly,IN:India,P:Private non-financial sector,A:All sectors,A:Credit-to-GDP ratios (actual data),Percentage of GDP,Units,1965-09-30,F:Free,,A:Normal value,22.4
"BIS,WS_CREDIT_GAP,1.0",Q.IN.P.A.A,Q:Quarterly,IN:India,P:Private non-financial sector,A:All sectors,A:Credit-to-GDP ratios (actual data),Percentage of GDP,Units,1965-12-31,F:Free,,A:Normal value,23.0
"BIS,WS_CREDIT_GAP,1.0",Q.IN.P.A.A,Q:Quarterly,IN:India,P:Private non-financial sector,A:All sectors,A:Credit-to-GDP ratios (actual data),Percentage of GDP,Units,1966-03-31,F:Free,,A:Normal value,23.3
"BIS,WS_CREDIT_GAP,1.0",Q.IN.P.A.A,Q:Quarterly,IN:India,P:Private non-financial sector,A:All sectors,A:Credit-to-GDP ratios (actual data),Percentage of GDP,Units,1966-06-30,F:Free,,A:Normal value,23.5
"BIS,WS_CREDIT_GAP,1.0",Q.IN.P.A.A,Q:Quarterly,IN:India,P:Private non-financial sector,A:All sectors,A:Credit-to-GDP ratios (actual data),Percentage of GDP,Units,1966-09-30,F:Free,,A:Normal value,22.5
"BIS,WS_CREDIT_GAP,1.0",Q.IN.P.A.A,Q:Quarterly,IN:India,P:Private non-financial sector,A:All sectors,A:Credit-to-GDP ratios (actual data),Percentage of GDP,Units,1966-12-31,F:Free,,A:Normal value,22.6
"BIS,WS_CREDIT_GAP,1.0",Q.IN.P.A.A,Q:Quarterly,IN:India,P:Private non-financial sector,A:All sectors,A:Credit-to-GDP ratios (actual data),Percentage of GDP,Units,1967-03-31,F:Free,,A:Normal value,22.5
"BIS,WS_CREDIT_GAP,1.0",Q.IN.P.A.A,Q:Quarterly,IN:India,P:Private non-financial sector,A:All sectors,A:Credit-to-GDP ratios (actual data),Percentage of GDP,Units,1967-06-30,F:Free,,A:Normal value,21.8
"BIS,WS_CREDIT_GAP,1.0",Q.IN.P.A.A,Q:Quarterly,IN:India,P:Private non-financial sector,A:All sectors,A:Credit-to-GDP ratios (actual data),Percentage of GDP,Units,1967-09-30,F:Free,,A:Normal value,20.9
"BIS,WS_CREDIT_GAP,1.0",Q.IN.P.A.A,Q:Quarterly,IN:India,P:Private non-financial sector,A:All sectors,A:Credit-to-GDP ratios (actual data),Percentage of GDP,Units,1967-12-31,F:Free,,A:Normal value,21.1
"BIS,WS_CREDIT_GAP,1.0",Q.IN.P.A.A,Q:Quarterly,IN:India,P:Private non-financial sector,A:All sectors,A:Credit-to-GDP ratios (actual data),Percentage of GDP,Units,1968-03-31,F:Free,,A:Normal value,21.4
"BIS,WS_CREDIT_GAP,1.0",Q.IN.P.A.A,Q:Quarterly,IN:India,P:Private non-financial sector,A:All sectors,A:Credit-to-GDP ratios (actual data),Percentage of GDP,Units,1968-06-30,F:Free,,A:Normal value,21.8
"BIS,WS_CREDIT_GAP,1.0",Q.IN.P.A.A,Q:Quarterly,IN:India,P:Private non-financial sector,A:All sectors,A:Credit-to-GDP ratios (actual data),Percentage of GDP,Units,1968-09-30,F:Free,,A:Normal value,21.5
"BIS,WS_CREDIT_GAP,1.0",Q.IN.P.A.A,Q:Quarterly,IN:India,P:Private non-financial sector,A:All sectors,A:Credit-to-GDP ratios (actual data),Percentage of GDP,Units,1968-12-31,F:Free,,A:Normal value,21.8
"BIS,WS_CREDIT_GAP,1.0",Q.IN.P.A.A,Q:Quarterly,IN:India,P:Private non-financial sector,A:All sectors,A:Credit-to-GDP ratios (actual data),Percentage of GDP,Units,1969-03-31,F:Free,,A:Normal value,22.6
"BIS,WS_CREDIT_GAP,1.0",Q.IN.P.A.A,Q:Quarterly,IN:India,P:Private non-financial sector,A:All sectors,A:Credit-to-GDP ratios (actual data),Percentage of GDP,Units,1969-06-30,F:Free,,A:Normal value,23.1
"BIS,WS_CREDIT_GAP,1.0",Q.IN.P.A.A,Q:Quarterly,IN:India,P:Private non-financial sector,A:All sectors,A:Credit-to-GDP ratios (actual data),Percentage of GDP,Units,1969-09-30,F:Free,,A:Normal value,22.1
"BIS,WS_CREDIT_GAP,1.0",Q.IN.P.A.A,Q:Quarterly,IN:India,P:Private non-financial sector,A:All sectors,A:Credit-to-GDP ratios (actual data),Percentage of GDP,Units,1969-12-31,F:Free,,A:Normal value,22.5
"BIS,WS_CREDIT_GAP,1.0",Q.IN.P.A.A,Q:Quarterly,IN:India,P:Private non-financial sector,A:All sectors,A:Credit-to-GDP ratios (actual data),Percentage of GDP,Units,1970-03-31,F:Free,,A:Normal value,23.1
"BIS,WS_CREDIT_GAP,1.0",Q.IN.P.A.A,Q:Quarterly,IN:India,P:Private non-financial sector,A:All sectors,A:Credit-to-GDP ratios (actual data),Percentage of GDP,Units,1970-06-30,F:Free,,A:Normal value,24.0
"BIS,WS_CREDIT_GAP,1.0",Q.IN.P.A.A,Q:Quarterly,IN:India,P:Private non-financial sector,A:All sectors,A:Credit-to-GDP ratios (actual data),Percentage of GDP,Units,1970-09-30,F:Free,,A:Normal value,24.0
"BIS,WS_CREDIT_GAP,1.0",Q.IN.P.A.A,Q:Quarterly,IN:India,P:Private non-financial sector,A:All sectors,A:Credit-to-GDP ratios (actual data),Percentage of GDP,Units,1970-12-31,F:Free,,A:Normal value,24.9
"BIS,WS_CREDIT_GAP,1.0",Q.IN.P.A.A,Q:Quarterly,IN:India,P:Private non-financial sector,A:All sectors,A:Credit-to-GDP ratios (actual data),Percentage of GDP,Units,1971-03-31,F:Free,,A:Normal value,25.9
"BIS,WS_CREDIT_GAP,1.0",Q.IN.P.A.A,Q:Quarterly,IN:India,P:Private non-financial sector,A:All sectors,A:Credit-to-GDP ratios (actual data),Percentage of GDP,Units,1971-06-30,F:Free,,A:Normal value,25.5
"BIS,WS_CREDIT_GAP,1.0",Q.IN.P.A.A,Q:Quarterly,IN:India,P:Private non-financial sector,A:All sectors,A:Credit-to-GDP ratios (actual data),Percentage of GDP,Units,1971-09-30,F:Free,,A:Normal value,25.4
"BIS,WS_CREDIT_GAP,1.0",Q.IN.P.A.A,Q:Quarterly,IN:India,P:Private non-financial sector,A:All sectors,A:Credit-to-GDP ratios (actual data),Percentage of GDP,Units,1971-12-31,F:Free,,A:Normal value,26.5
"BIS,WS_CREDIT_GAP,1.0",Q.IN.P.A.A,Q:Quarterly,IN:India,P:Private non-financial sector,A:All sectors,A:Credit-to-GDP ratios (actual data),Percentage of GDP,Units,1972-03-31,F:Free,,A:Normal value,26.9
"BIS,WS_CREDIT_GAP,1.0",Q.IN.P.A.A,Q:Quarterly,IN:India,P:Private non-financial sector,A:All sectors,A:Credit-to-GDP ratios (actual data),Percentage of GDP,Units,1972-06-30,F:Free,,A:Normal value,27.4
"BIS,WS_CREDIT_GAP,1.0",Q.IN.P.A.A,Q:Quarterly,IN:India,P:Private non-financial sector,A:All sectors,A:Credit-to-GDP ratios (actual data),Percentage of GDP,Units,1972-09-30,F:Free,,A:Normal value,26.4
"BIS,WS_CREDIT_GAP,1.0",Q.IN.P.A.A,Q:Quarterly,IN:India,P:Private non-financial sector,A:All sectors,A:Credit-to-GDP ratios (actual data),Percentage of GDP,Units,1972-12-31,F:Free,,A:Normal value,27.3
"BIS,WS_CREDIT_GAP,1.0",Q.IN.P.A.A,Q:Quarterly,IN:India,P:Private non-financial sector,A:All sectors,A:Credit-to-GDP ratios (actual data),Percentage of GDP,Units,1973-03-31,F:Free,,A:Normal value,28.5
"BIS,WS_CREDIT_GAP,1.0",Q.IN.P.A.A,Q:Quarterly,IN:India,P:Private non-financial sector,A:All sectors,A:Credit-to-GDP ratios (actual data),Percentage of GDP,Units,1973-06-30,F:Free,,A:Normal value,27.9
"BIS,WS_CREDIT_GAP,1.0",Q.IN.P.A.A,Q:Quarterly,IN:India,P:Private non-financial sector,A:All sectors,A:Credit-to-GDP ratios (actual data),Percentage of GDP,Units,1973-09-30,F:Free,,A:Normal value,26.6
"BIS,WS_CREDIT_GAP,1.0",Q.IN.P.A.A,Q:Quarterly,IN:India,P:Private non-financial sector,A:All sectors,A:Credit-to-GDP ratios (actual data),Percentage of GDP,Units,1973-12-31,F:Free,,A:Normal value,28.1
"BIS,WS_CREDIT_GAP,1.0",Q.IN.P.A.A,Q:Quarterly,IN:India,P:Private non-financial sector,A:All sectors,A:Credit-to-GDP ratios (actual data),Percentage of GDP,Units,1974-03-31,F:Free,,A:Normal value,28.0
"BIS,WS_CREDIT_GAP,1.0",Q.IN.P.A.A,Q:Quarterly,IN:India,P:Private non-financial sector,A:All sectors,A:Credit-to-GDP ratios (actual data),Percentage of GDP,Units,1974-06-30,F:Free,,A:Normal value,28.0
"BIS,WS_CREDIT_GAP,1.0",Q.IN.P.A.A,Q:Quarterly,IN:India,P:Private non-financial sector,A:All sectors,A:Credit-to-GDP ratios (actual data),Percentage of GDP,Units,1974-09-30,F:Free,,A:Normal value,26.7
"BIS,WS_CREDIT_GAP,1.0",Q.IN.P.A.A,Q:Quarterly,IN:India,P:Private non-financial sector,A:All sectors,A:Credit-to-GDP ratios (actual data),Percentage of GDP,Units,1974-12-31,F:Free,,A:Normal value,27.2
"BIS,WS_CREDIT_GAP,1.0",Q.IN.P.A.A,Q:Quarterly,IN:India,P:Private non-financial sector,A:All sectors,A:Credit-to-GDP ratios (actual data),Percentage of GDP,Units,1975-03-31,F:Free,,A:Normal value,28.7
"BIS,WS_CREDIT_GAP,1.0",Q.IN.P.A.A,Q:Quarterly,IN:India,P:Private non-financial sector,A:All sectors,A:Credit-to-GDP ratios (actual data),Percentage of GDP,Units,1975-06-30,F:Free,,A:Normal value,28.8
"BIS,WS_CREDIT_GAP,1.0",Q.IN.P.A.A,Q:Quarterly,IN:India,P:Private non-financial sector,A:All sectors,A:Credit-to-GDP ratios (actual data),Percentage of GDP,Units,1975-09-30,F:Free,,A:Normal value,29.1
"BIS,WS_CREDIT_GAP,1.0",Q.IN.P.A.A,Q:Quarterly,IN:India,P:Private non-financial sector,A:All sectors,A:Credit-to-GDP ratios (actual data),Percentage of GDP,Units,1975-12-31,F:Free,,A:Normal value,30.9
"BIS,WS_CREDIT_GAP,1.0",Q.IN.P.A.A,Q:Quarterly,IN:India,P:Private non-financial sector,A:All sectors,A:Credit-to-GDP ratios (actual data),Percentage of GDP,Units,1976-03-31,F:Free,,A:Normal value,33.1
"BIS,WS_CREDIT_GAP,1.0",Q.IN.P.A.A,Q:Quarterly,IN:India,P:Private non-financial sector,A:All sectors,A:Credit-to-GDP ratios (actual data),Percentage of GDP,Units,1976-06-30,F:Free,,A:Normal value,33.5
"BIS,WS_CREDIT_GAP,1.0",Q.IN.P.A.A,Q:Quarterly,IN:India,P:Private non-financial sector,A:All sectors,A:Credit-to-GDP ratios (actual data),Percentage of GDP,Units,1976-09-30,F:Free,,A:Normal value,34.3
"BIS,WS_CREDIT_GAP,1.0",Q.IN.P.A.A,Q:Quarterly,IN:India,P:Private non-financial sector,A:All sectors,A:Credit-to-GDP ratios (actual data),Percentage of GDP,Units,1976-12-31,F:Free,,A:Normal value,37.0
"BIS,WS_CREDIT_GAP,1.0",Q.IN.P.A.A,Q:Quarterly,IN:India,P:Private non-financial sector,A:All sectors,A:Credit-to-GDP ratios (actual data),Percentage of GDP,Units,1977-03-31,F:Free,,A:Normal value,36.8
"BIS,WS_CREDIT_GAP,1.0",Q.IN.P.A.A,Q:Quarterly,IN:India,P:Private non-financial sector,A:All sectors,A:Credit-to-GDP ratios (actual data),Percentage of GDP,Units,1977-06-30,F:Free,,A:Normal value,35.9
"BIS,WS_CREDIT_GAP,1.0",Q.IN.P.A.A,Q:Quarterly,IN:India,P:Private non-financial sector,A:All sectors,A:Credit-to-GDP ratios (actual data),Percentage of GDP,Units,1977-09-30,F:Free,,A:Normal value,35.6
"BIS,WS_CREDIT_GAP,1.0",Q.IN.P.A.A,Q:Quarterly,IN:India,P:Private non-financial sector,A:All sectors,A:Credit-to-GDP ratios (actual data),Percentage of GDP,Units,1977-12-31,F:Free,,A:Normal value,37.0
"BIS,WS_CREDIT_GAP,1.0",Q.IN.P.A.A,Q:Quarterly,IN:India,P:Private non-financial sector,A:All sectors,A:Credit-to-GDP ratios (actual data),Percentage of GDP,Units,1978-03-31,F:Free,,A:Normal value,36.7
"BIS,WS_CREDIT_GAP,1.0",Q.IN.P.A.A,Q:Quarterly,IN:India,P:Private non-financial sector,A:All sectors,A:Credit-to-GDP ratios (actual data),Percentage of GDP,Units,1978-06-30,F:Free,,A:Normal value,37.6
"BIS,WS_CREDIT_GAP,1.0",Q.IN.P.A.A,Q:Quarterly,IN:India,P:Private non-financial sector,A:All sectors,A:Credit-to-GDP ratios (actual data),Percentage of GDP,Units,1978-09-30,F:Free,,A:Normal value,37.6
"BIS,WS_CREDIT_GAP,1.0",Q.IN.P.A.A,Q:Quarterly,IN:India,P:Private non-financial sector,A:All sectors,A:Credit-to-GDP ratios (actual data),Percentage of GDP,Units,1978-12-31,F:Free,,A:Normal value,41.0
"BIS,WS_CREDIT_GAP,1.0",Q.IN.P.A.A,Q:Quarterly,IN:India,P:Private non-financial sector,A:All sectors,A:Credit-to-GDP ratios (actual data),Percentage of GDP,Units,1979-03-31,F:Free,,A:Normal value,40.9
"BIS,WS_CREDIT_GAP,1.0",Q.IN.P.A.A,Q:Quarterly,IN:India,P:Private non-financial sector,A:All sectors,A:Credit-to-GDP ratios (actual data),Percentage of GDP,Units,1979-06-30,F:Free,,A:Normal value,41.9
"BIS,WS_CREDIT_GAP,1.0",Q.IN.P.A.A,Q:Quarterly,IN:India,P:Private non-financial sector,A:All sectors,A:Credit-to-GDP ratios (actual data),Percentage of GDP,Units,1979-09-30,F:Free,,A:Normal value,42.7
"BIS,WS_CREDIT_GAP,1.0",Q.IN.P.A.A,Q:Quarterly,IN:India,P:Private non-financial sector,A:All sectors,A:Credit-to-GDP ratios (actual data),Percentage of GDP,Units,1979-12-31,F:Free,,A:Normal value,44.2
"BIS,WS_CREDIT_GAP,1.0",Q.IN.P.A.A,Q:Quarterly,IN:India,P:Private non-financial sector,A:All sectors,A:Credit-to-GDP ratios (actual data),Percentage of GDP,Units,1980-03-31,F:Free,,A:Normal value,44.3
"BIS,WS_CREDIT_GAP,1.0",Q.IN.P.A.A,Q:Quarterly,IN:India,P:Private non-financial sector,A:All sectors,A:Credit-to-GDP ratios (actual data),Percentage of GDP,Units,1980-06-30,F:Free,,A:Normal value,42.8
"BIS,WS_CREDIT_GAP,1.0",Q.IN.P.A.A,Q:Quarterly,IN:India,P:Private non-financial sector,A:All sectors,A:Credit-to-GDP ratios (actual data),Percentage of GDP,Units,1980-09-30,F:Free,,A:Normal value,41.4
"BIS,WS_CREDIT_GAP,1.0",Q.IN.P.A.A,Q:Quarterly,IN:India,P:Private non-financial sector,A:All sectors,A:Credit-to-GDP ratios (actual data),Percentage of GDP,Units,1980-12-31,F:Free,,A:Normal value,43.3
"BIS,WS_CREDIT_GAP,1.0",Q.IN.P.A.A,Q:Quarterly,IN:India,P:Private non-financial sector,A:All sectors,A:Credit-to-GDP ratios (actual data),Percentage of GDP,Units,1981-03-31,F:Free,,A:Normal value,44.0
"BIS,WS_CREDIT_GAP,1.0",Q.IN.P.A.A,Q:Quarterly,IN:India,P:Private non-financial sector,A:All sectors,A:Credit-to-GDP ratios (actual data),Percentage of GDP,Units,1981-06-30,F:Free,,A:Normal value,43.4
"BIS,WS_CREDIT_GAP,1.0",Q.IN.P.A.A,Q:Quarterly,IN:India,P:Private non-financial sector,A:All sectors,A:Credit-to-GDP ratios (actual data),Percentage of GDP,Units,1981-09-30,F:Free,,A:Normal value,42.8
"BIS,WS_CREDIT_GAP,1.0",Q.IN.P.A.A,Q:Quarterly,IN:India,P:Private non-financial sector,A:All sectors,A:Credit-to-GDP ratios (actual data),Percentage of GDP,Units,1981-12-31,F:Free,,A:Normal value,44.8
"BIS,WS_CREDIT_GAP,1.0",Q.IN.P.A.A,Q:Quarterly,IN:India,P:Private non-financial sector,A:All sectors,A:Credit-to-GDP ratios (actual data),Percentage of GDP,Units,1982-03-31,F:Free,,A:Normal value,44.9
"BIS,WS_CREDIT_GAP,1.0",Q.IN.P.A.A,Q:Quarterly,IN:India,P:Private non-financial sector,A:All sectors,A:Credit-to-GDP ratios (actual data),Percentage of GDP,Units,1982-06-30,F:Free,,A:Normal value,44.5
"BIS,WS_CREDIT_GAP,1.0",Q.IN.P.A.A,Q:Quarterly,IN:India,P:Private non-financial sector,A:All sectors,A:Credit-to-GDP ratios (actual data),Percentage of GDP,Units,1982-09-30,F:Free,,A:Normal value,44.3
"BIS,WS_CREDIT_GAP,1.0",Q.IN.P.A.A,Q:Quarterly,IN:India,P:Private non-financial sector,A:All sectors,A:Credit-to-GDP ratios (actual data),Percentage of GDP,Units,1982-12-31,F:Free,,A:Normal value,48.0
"BIS,WS_CREDIT_GAP,1.0",Q.IN.P.A.A,Q:Quarterly,IN:India,P:Private non-financial sector,A:All sectors,A:Credit-to-GDP ratios (actual data),Percentage of GDP,Units,1983-03-31,F:Free,,A:Normal value,47.5
"BIS,WS_CREDIT_GAP,1.0",Q.IN.P.A.A,Q:Quarterly,IN:India,P:Private non-financial sector,A:All sectors,A:Credit-to-GDP ratios (actual data),Percentage of GDP,Units,1983-06-30,F:Free,,A:Normal value,46.4
"BIS,WS_CREDIT_GAP,1.0",Q.IN.P.A.A,Q:Quarterly,IN:India,P:Private non-financial sector,A:All sectors,A:Credit-to-GDP ratios (actual data),Percentage of GDP,Units,1983-09-30,F:Free,,A:Normal value,45.8
"BIS,WS_CREDIT_GAP,1.0",Q.IN.P.A.A,Q:Quarterly,IN:India,P:Private non-financial sector,A:All sectors,A:Credit-to-GDP ratios (actual data),Percentage of GDP,Units,1983-12-31,F:Free,,A:Normal value,48.0
"BIS,WS_CREDIT_GAP,1.0",Q.IN.P.A.A,Q:Quarterly,IN:India,P:Private non-financial sector,A:All sectors,A:Credit-to-GDP ratios (actual data),Percentage of GDP,Units,1984-03-31,F:Free,,A:Normal value,48.4
"BIS,WS_CREDIT_GAP,1.0",Q.IN.P.A.A,Q:Quarterly,IN:India,P:Private non-financial sector,A:All sectors,A:Credit-to-GDP ratios (actual data),Percentage of GDP,Units,1984-06-30,F:Free,,A:Normal value,48.7
"BIS,WS_CREDIT_GAP,1.0",Q.IN.P.A.A,Q:Quarterly,IN:India,P:Private non-financial sector,A:All sectors,A:Credit-to-GDP ratios (actual data),Percentage of GDP,Units,1984-09-30,F:Free,,A:Normal value,47.9
"BIS,WS_CREDIT_GAP,1.0",Q.IN.P.A.A,Q:Quarterly,IN:India,P:Private non-financial sector,A:All sectors,A:Credit-to-GDP ratios (actual data),Percentage of GDP,Units,1984-12-31,F:Free,,A:Normal value,50.6
"BIS,WS_CREDIT_GAP,1.0",Q.IN.P.A.A,Q:Quarterly,IN:India,P:Private non-financial sector,A:All sectors,A:Credit-to-GDP ratios (actual data),Percentage of GDP,Units,1985-03-31,F:Free,,A:Normal value,50.8
"BIS,WS_CREDIT_GAP,1.0",Q.IN.P.A.A,Q:Quarterly,IN:India,P:Private non-financial sector,A:All sectors,A:Credit-to-GDP ratios (actual data),Percentage of GDP,Units,1985-06-30,F:Free,,A:Normal value,49.5
"BIS,WS_CREDIT_GAP,1.0",Q.IN.P.A.A,Q:Quarterly,IN:India,P:Private non-financial sector,A:All sectors,A:Credit-to-GDP ratios (actual data),Percentage of GDP,Units,1985-09-30,F:Free,,A:Normal value,49.4
"BIS,WS_CREDIT_GAP,1.0",Q.IN.P.A.A,Q:Quarterly,IN:India,P:Private non-financial sector,A:All sectors,A:Credit-to-GDP ratios (actual data),Percentage of GDP,Units,1985-12-31,F:Free,,A:Normal value,50.6
"BIS,WS_CREDIT_GAP,1.0",Q.IN.P.A.A,Q:Quarterly,IN:India,P:Private non-financial sector,A:All sectors,A:Credit-to-GDP ratios (actual data),Percentage of GDP,Units,1986-03-31,F:Free,,A:Normal value,52.9
"BIS,WS_CREDIT_GAP,1.0",Q.IN.P.A.A,Q:Quarterly,IN:India,P:Private non-financial sector,A:All sectors,A:Credit-to-GDP ratios (actual data),Percentage of GDP,Units,1986-06-30,F:Free,,A:Normal value,51.4
"BIS,WS_CREDIT_GAP,1.0",Q.IN.P.A.A,Q:Quarterly,IN:India,P:Private non-financial sector,A:All sectors,A:Credit-to-GDP ratios (actual data),Percentage of GDP,Units,1986-09-30,F:Free,,A:Normal value,50.6
"BIS,WS_CREDIT_GAP,1.0",Q.IN.P.A.A,Q:Quarterly,IN:India,P:Private non-financial sector,A:All sectors,A:Credit-to-GDP ratios (actual data),Percentage of GDP,Units,1986-12-31,F:Free,,A:Normal value,51.7
"BIS,WS_CREDIT_GAP,1.0",Q.IN.P.A.A,Q:Quarterly,IN:India,P:Private non-financial sector,A:All sectors,A:Credit-to-GDP ratios (actual data),Percentage of GDP,Units,1987-03-31,F:Free,,A:Normal value,54.2
"BIS,WS_CREDIT_GAP,1.0",Q.IN.P.A.A,Q:Quarterly,IN:India,P:Private non-financial sector,A:All sectors,A:Credit-to-GDP ratios (actual data),Percentage of GDP,Units,1987-06-30,F:Free,,A:Normal value,51.9
"BIS,WS_CREDIT_GAP,1.0",Q.IN.P.A.A,Q:Quarterly,IN:India,P:Private non-financial sector,A:All sectors,A:Credit-to-GDP ratios (actual data),Percentage of GDP,Units,1987-09-30,F:Free,,A:Normal value,51.4
"BIS,WS_CREDIT_GAP,1.0",Q.IN.P.A.A,Q:Quarterly,IN:India,P:Private non-financial sector,A:All sectors,A:Credit-to-GDP ratios (actual data),Percentage of GDP,Units,1987-12-31,F:Free,,A:Normal value,51.8
"BIS,WS_CREDIT_GAP,1.0",Q.IN.P.A.A,Q:Quarterly,IN:India,P:Private non-financial sector,A:All sectors,A:Credit-to-GDP ratios (actual data),Percentage of GDP,Units,1988-03-31,F:Free,,A:Normal value,54.4
"BIS,WS_CREDIT_GAP,1.0",Q.IN.P.A.A,Q:Quarterly,IN:India,P:Private non-financial sector,A:All sectors,A:Credit-to-GDP ratios (actual data),Percentage of GDP,Units,1988-06-30,F:Free,,A:Normal value,52.0
"BIS,WS_CREDIT_GAP,1.0",Q.IN.P.A.A,Q:Quarterly,IN:India,P:Private non-financial sector,A:All sectors,A:Credit-to-GDP ratios (actual data),Percentage of GDP,Units,1988-09-30,F:Free,,A:Normal value,51.4
"BIS,WS_CREDIT_GAP,1.0",Q.IN.P.A.A,Q:Quarterly,IN:India,P:Private non-financial sector,A:All sectors,A:Credit-to-GDP ratios (actual data),Percentage of GDP,Units,1988-12-31,F:Free,,A:Normal value,54.2
"BIS,WS_CREDIT_GAP,1.0",Q.IN.P.A.A,Q:Quarterly,IN:India,P:Private non-financial sector,A:All sectors,A:Credit-to-GDP ratios (actual data),Percentage of GDP,Units,1989-03-31,F:Free,,A:Normal value,54.4
"BIS,WS_CREDIT_GAP,1.0",Q.IN.P.A.A,Q:Quarterly,IN:India,P:Private non-financial sector,A:All sectors,A:Credit-to-GDP ratios (actual data),Percentage of GDP,Units,1989-06-30,F:Free,,A:Normal value,54.3
"BIS,WS_CREDIT_GAP,1.0",Q.IN.P.A.A,Q:Quarterly,IN:India,P:Private non-financial sector,A:All sectors,A:Credit-to-GDP ratios (actual data),Percentage of GDP,Units,1989-09-30,F:Free,,A:Normal value,53.4
"BIS,WS_CREDIT_GAP,1.0",Q.IN.P.A.A,Q:Quarterly,IN:India,P:Private non-financial sector,A:All sectors,A:Credit-to-GDP ratios (actual data),Percentage of GDP,Units,1989-12-31,F:Free,,A:Normal value,54.8
"BIS,WS_CREDIT_GAP,1.0",Q.IN.P.A.A,Q:Quarterly,IN:India,P:Private non-financial sector,A:All sectors,A:Credit-to-GDP ratios (actual data),Percentage of GDP,Units,1990-03-31,F:Free,,A:Normal value,55.7
"BIS,WS_CREDIT_GAP,1.0",Q.IN.P.A.A,Q:Quarterly,IN:India,P:Private non-financial sector,A:All sectors,A:Credit-to-GDP ratios (actual data),Percentage of GDP,Units,1990-06-30,F:Free,,A:Normal value,54.6
"BIS,WS_CREDIT_GAP,1.0",Q.IN.P.A.A,Q:Quarterly,IN:India,P:Private non-financial sector,A:All sectors,A:Credit-to-GDP ratios (actual data),Percentage of GDP,Units,1990-09-30,F:Free,,A:Normal value,53.1
"BIS,WS_CREDIT_GAP,1.0",Q.IN.P.A.A,Q:Quarterly,IN:India,P:Private non-financial sector,A:All sectors,A:Credit-to-GDP ratios (actual data),Percentage of GDP,Units,1990-12-31,F:Free,,A:Normal value,53.8
"BIS,WS_CREDIT_GAP,1.0",Q.IN.P.A.A,Q:Quarterly,IN:India,P:Private non-financial sector,A:All sectors,A:Credit-to-GDP ratios (actual data),Percentage of GDP,Units,1991-03-31,F:Free,,A:Normal value,53.8
"BIS,WS_CREDIT_GAP,1.0",Q.IN.P.A.A,Q:Quarterly,IN:India,P:Private non-financial sector,A:All sectors,A:Credit-to-GDP ratios (actual data),Percentage of GDP,Units,1991-06-30,F:Free,,A:Normal value,52.1
"BIS,WS_CREDIT_GAP,1.0",Q.IN.P.A.A,Q:Quarterly,IN:India,P:Private non-financial sector,A:All sectors,A:Credit-to-GDP ratios (actual data),Percentage of GDP,Units,1991-09-30,F:Free,,A:Normal value,50.4
"BIS,WS_CREDIT_GAP,1.0",Q.IN.P.A.A,Q:Quarterly,IN:India,P:Private non-financial sector,A:All sectors,A:Credit-to-GDP ratios (actual data),Percentage of GDP,Units,1991-12-31,F:Free,,A:Normal value,50.4
"BIS,WS_CREDIT_GAP,1.0",Q.IN.P.A.A,Q:Quarterly,IN:India,P:Private non-financial sector,A:All sectors,A:Credit-to-GDP ratios (actual data),Percentage of GDP,Units,1992-03-31,F:Free,,A:Normal value,51.2
"BIS,WS_CREDIT_GAP,1.0",Q.IN.P.A.A,Q:Quarterly,IN:India,P:Private non-financial sector,A:All sectors,A:Credit-to-GDP ratios (actual data),Percentage of GDP,Units,1992-06-30,F:Free,,A:Normal value,51.8
"BIS,WS_CREDIT_GAP,1.0",Q.IN.P.A.A,Q:Quarterly,IN:India,P:Private non-financial sector,A:All sectors,A:Credit-to-GDP ratios (actual data),Percentage of GDP,Units,1992-09-30,F:Free,,A:Normal value,51.9
"BIS,WS_CREDIT_GAP,1.0",Q.IN.P.A.A,Q:Quarterly,IN:India,P:Private non-financial sector,A:All sectors,A:Credit-to-GDP ratios (actual data),Percentage of GDP,Units,1992-12-31,F:Free,,A:Normal value,52.8
"BIS,WS_CREDIT_GAP,1.0",Q.IN.P.A.A,Q:Quarterly,IN:India,P:Private non-financial sector,A:All sectors,A:Credit-to-GDP ratios (actual data),Percentage of GDP,Units,1993-03-31,F:Free,,A:Normal value,54.0
"BIS,WS_CREDIT_GAP,1.0",Q.IN.P.A.A,Q:Quarterly,IN:India,P:Private non-financial sector,A:All sectors,A:Credit-to-GDP ratios (actual data),Percentage of GDP,Units,1993-06-30,F:Free,,A:Normal value,52.5
"BIS,WS_CREDIT_GAP,1.0",Q.IN.P.A.A,Q:Quarterly,IN:India,P:Private non-financial sector,A:All sectors,A:Credit-to-GDP ratios (actual data),Percentage of GDP,Units,1993-09-30,F:Free,,A:Normal value,50.1
"BIS,WS_CREDIT_GAP,1.0",Q.IN.P.A.A,Q:Quarterly,IN:India,P:Private non-financial sector,A:All sectors,A:Credit-to-GDP ratios (actual data),Percentage of GDP,Units,1993-12-31,F:Free,,A:Normal value,50.1
"BIS,WS_CREDIT_GAP,1.0",Q.IN.P.A.A,Q:Quarterly,IN:India,P:Private non-financial sector,A:All sectors,A:Credit-to-GDP ratios (actual data),Percentage of GDP,Units,1994-03-31,F:Free,,A:Normal value,49.9
"BIS,WS_CREDIT_GAP,1.0",Q.IN.P.A.A,Q:Quarterly,IN:India,P:Private non-financial sector,A:All sectors,A:Credit-to-GDP ratios (actual data),Percentage of GDP,Units,1994-06-30,F:Free,,A:Normal value,48.0
"BIS,WS_CREDIT_GAP,1.0",Q.IN.P.A.A,Q:Quarterly,IN:India,P:Private non-financial sector,A:All sectors,A:Credit-to-GDP ratios (actual data),Percentage of GDP,Units,1994-09-30,F:Free,,A:Normal value,49.0
"BIS,WS_CREDIT_GAP,1.0",Q.IN.P.A.A,Q:Quarterly,IN:India,P:Private non-financial sector,A:All sectors,A:Credit-to-GDP ratios (actual data),Percentage of GDP,Units,1994-12-31,F:Free,,A:Normal value,49.2
"BIS,WS_CREDIT_GAP,1.0",Q.IN.P.A.A,Q:Quarterly,IN:India,P:Private non-financial sector,A:All sectors,A:Credit-to-GDP ratios (actual data),Percentage of GDP,Units,1995-03-31,F:Free,,A:Normal value,52.1
"BIS,WS_CREDIT_GAP,1.0",Q.IN.P.A.A,Q:Quarterly,IN:India,P:Private non-financial sector,A:All sectors,A:Credit-to-GDP ratios (actual data),Percentage of GDP,Units,1995-06-30,F:Free,,A:Normal value,50.3
"BIS,WS_CREDIT_GAP,1.0",Q.IN.P.A.A,Q:Quarterly,IN:India,P:Private non-financial sector,A:All sectors,A:Credit-to-GDP ratios (actual data),Percentage of GDP,Units,1995-09-30,F:Free,,A:Normal value,51.1
"BIS,WS_CREDIT_GAP,1.0",Q.IN.P.A.A,Q:Quarterly,IN:India,P:Private non-financial sector,A:All sectors,A:Credit-to-GDP ratios (actual data),Percentage of GDP,Units,1995-12-31,F:Free,,A:Normal value,51.1
"BIS,WS_CREDIT_GAP,1.0",Q.IN.P.A.A,Q:Quarterly,IN:India,P:Private non-financial sector,A:All sectors,A:Credit-to-GDP ratios (actual data),Percentage of GDP,Units,1996-03-31,F:Free,,A:Normal value,53.3
"BIS,WS_CREDIT_GAP,1.0",Q.IN.P.A.A,Q:Quarterly,IN:India,P:Private non-financial sector,A:All sectors,A:Credit-to-GDP ratios (actual data),Percentage of GDP,Units,1996-06-30,F:Free,,A:Normal value,51.2
"BIS,WS_CREDIT_GAP,1.0",Q.IN.P.A.A,Q:Quarterly,IN:India,P:Private non-financial sector,A:All sectors,A:Credit-to-GDP ratios (actual data),Percentage of GDP,Units,1996-09-30,F:Free,,A:Normal value,50.2
"BIS,WS_CREDIT_GAP,1.0",Q.IN.P.A.A,Q:Quarterly,IN:India,P:Private non-financial sector,A:All sectors,A:Credit-to-GDP ratios (actual data),Percentage of GDP,Units,1996-12-31,F:Free,,A:Normal value,49.9
"BIS,WS_CREDIT_GAP,1.0",Q.IN.P.A.A,Q:Quarterly,IN:India,P:Private non-financial sector,A:All sectors,A:Credit-to-GDP ratios (actual data),Percentage of GDP,Units,1997-03-31,F:Free,,A:Normal value,51.7
"BIS,WS_CREDIT_GAP,1.0",Q.IN.P.A.A,Q:Quarterly,IN:India,P:Private non-financial sector,A:All sectors,A:Credit-to-GDP ratios (actual data),Percentage of GDP,Units,1997-06-30,F:Free,,A:Normal value,49.8
"BIS,WS_CREDIT_GAP,1.0",Q.IN.P.A.A,Q:Quarterly,IN:India,P:Private non-financial sector,A:All sectors,A:Credit-to-GDP ratios (actual data),Percentage of GDP,Units,1997-09-30,F:Free,,A:Normal value,49.2
"BIS,WS_CREDIT_GAP,1.0",Q.IN.P.A.A,Q:Quarterly,IN:India,P:Private non-financial sector,A:All sectors,A:Credit-to-GDP ratios (actual data),Percentage of GDP,Units,1997-12-31,F:Free,,A:Normal value,50.6
"BIS,WS_CREDIT_GAP,1.0",Q.IN.P.A.A,Q:Quarterly,IN:India,P:Private non-financial sector,A:All sectors,A:Credit-to-GDP ratios (actual data),Percentage of GDP,Units,1998-03-31,F:Free,,A:Normal value,53.7
"BIS,WS_CREDIT_GAP,1.0",Q.IN.P.A.A,Q:Quarterly,IN:India,P:Private non-financial sector,A:All sectors,A:Credit-to-GDP ratios (actual data),Percentage of GDP,Units,1998-06-30,F:Free,,A:Normal value,52.2
"BIS,WS_CREDIT_GAP,1.0",Q.IN.P.A.A,Q:Quarterly,IN:India,P:Private non-financial sector,A:All sectors,A:Credit-to-GDP ratios (actual data),Percentage of GDP,Units,1998-09-30,F:Free,,A:Normal value,51.9
"BIS,WS_CREDIT_GAP,1.0",Q.IN.P.A.A,Q:Quarterly,IN:India,P:Private non-financial sector,A:All sectors,A:Credit-to-GDP ratios (actual data),Percentage of GDP,Units,1998-12-31,F:Free,,A:Normal value,51.2
"BIS,WS_CREDIT_GAP,1.0",Q.IN.P.A.A,Q:Quarterly,IN:India,P:Private non-financial sector,A:All sectors,A:Credit-to-GDP ratios (actual data),Percentage of GDP,Units,1999-03-31,F:Free,,A:Normal value,54.2
"BIS,WS_CREDIT_GAP,1.0",Q.IN.P.A.A,Q:Quarterly,IN:India,P:Private non-financial sector,A:All sectors,A:Credit-to-GDP ratios (actual data),Percentage of GDP,Units,1999-06-30,F:Free,,A:Normal value,51.8
"BIS,WS_CREDIT_GAP,1.0",Q.IN.P.A.A,Q:Quarterly,IN:India,P:Private non-financial sector,A:All sectors,A:Credit-to-GDP ratios (actual data),Percentage of GDP,Units,1999-09-30,F:Free,,A:Normal value,52.2
"BIS,WS_CREDIT_GAP,1.0",Q.IN.P.A.A,Q:Quarterly,IN:India,P:Private non-financial sector,A:All sectors,A:Credit-to-GDP ratios (actual data),Percentage of GDP,Units,1999-12-31,F:Free,,A:Normal value,54.9
"BIS,WS_CREDIT_GAP,1.0",Q.IN.P.A.A,Q:Quarterly,IN:India,P:Private non-financial sector,A:All sectors,A:Credit-to-GDP ratios (actual data),Percentage of GDP,Units,2000-03-31,F:Free,,A:Normal value,55.7
"BIS,WS_CREDIT_GAP,1.0",Q.IN.P.A.A,Q:Quarterly,IN:India,P:Private non-financial sector,A:All sectors,A:Credit-to-GDP ratios (actual data),Percentage of GDP,Units,2000-06-30,F:Free,,A:Normal value,56.9
"BIS,WS_CREDIT_GAP,1.0",Q.IN.P.A.A,Q:Quarterly,IN:India,P:Private non-financial sector,A:All sectors,A:Credit-to-GDP ratios (actual data),Percentage of GDP,Units,2000-09-30,F:Free,,A:Normal value,56.7
"BIS,WS_CREDIT_GAP,1.0",Q.IN.P.A.A,Q:Quarterly,IN:India,P:Private non-financial sector,A:All sectors,A:Credit-to-GDP ratios (actual data),Percentage of GDP,Units,2000-12-31,F:Free,,A:Normal value,58.6
"BIS,WS_CREDIT_GAP,1.0",Q.IN.P.A.A,Q:Quarterly,IN:India,P:Private non-financial sector,A:All sectors,A:Credit-to-GDP ratios (actual data),Percentage of GDP,Units,2001-03-31,F:Free,,A:Normal value,59.6
"BIS,WS_CREDIT_GAP,1.0",Q.IN.P.A.A,Q:Quarterly,IN:India,P:Private non-financial sector,A:All sectors,A:Credit-to-GDP ratios (actual data),Percentage of GDP,Units,2001-06-30,F:Free,,A:Normal value,59.1
"BIS,WS_CREDIT_GAP,1.0",Q.IN.P.A.A,Q:Quarterly,IN:India,P:Private non-financial sector,A:All sectors,A:Credit-to-GDP ratios (actual data),Percentage of GDP,Units,2001-09-30,F:Free,,A:Normal value,59.2
"BIS,WS_CREDIT_GAP,1.0",Q.IN.P.A.A,Q:Quarterly,IN:India,P:Private non-financial sector,A:All sectors,A:Credit-to-GDP ratios (actual data),Percentage of GDP,Units,2001-12-31,F:Free,,A:Normal value,60.2
"BIS,WS_CREDIT_GAP,1.0",Q.IN.P.A.A,Q:Quarterly,IN:India,P:Private non-financial sector,A:All sectors,A:Credit-to-GDP ratios (actual data),Percentage of GDP,Units,2002-03-31,F:Free,,A:Normal value,61.9
"BIS,WS_CREDIT_GAP,1.0",Q.IN.P.A.A,Q:Quarterly,IN:India,P:Private non-financial sector,A:All sectors,A:Credit-to-GDP ratios (actual data),Percentage of GDP,Units,2002-06-30,F:Free,,A:Normal value,65.3
"BIS,WS_CREDIT_GAP,1.0",Q.IN.P.A.A,Q:Quarterly,IN:India,P:Private non-financial sector,A:All sectors,A:Credit-to-GDP ratios (actual data),Percentage of GDP,Units,2002-09-30,F:Free,,A:Normal value,65.0
"BIS,WS_CREDIT_GAP,1.0",Q.IN.P.A.A,Q:Quarterly,IN:India,P:Private non-financial sector,A:All sectors,A:Credit-to-GDP ratios (actual data),Percentage of GDP,Units,2002-12-31,F:Free,,A:Normal value,66.3
"BIS,WS_CREDIT_GAP,1.0",Q.IN.P.A.A,Q:Quarterly,IN:India,P:Private non-financial sector,A:All sectors,A:Credit-to-GDP ratios (actual data),Percentage of GDP,Units,2003-03-31,F:Free,,A:Normal value,67.9
"BIS,WS_CREDIT_GAP,1.0",Q.IN.P.A.A,Q:Quarterly,IN:India,P:Private non-financial sector,A:All sectors,A:Credit-to-GDP ratios (actual data),Percentage of GDP,Units,2003-06-30,F:Free,,A:Normal value,66.8
"BIS,WS_CREDIT_GAP,1.0",Q.IN.P.A.A,Q:Quarterly,IN:India,P:Private non-financial sector,A:All sectors,A:Credit-to-GDP ratios (actual data),Percentage of GDP,Units,2003-09-30,F:Free,,A:Normal value,65.5
"BIS,WS_CREDIT_GAP,1.0",Q.IN.P.A.A,Q:Quarterly,IN:India,P:Private non-financial sector,A:All sectors,A:Credit-to-GDP ratios (actual data),Percentage of GDP,Units,2003-12-31,F:Free,,A:Normal value,66.4
"BIS,WS_CREDIT_GAP,1.0",Q.IN.P.A.A,Q:Quarterly,IN:India,P:Private non-financial sector,A:All sectors,A:Credit-to-GDP ratios (actual data),Percentage of GDP,Units,2004-03-31,F:Free,,A:Normal value,69.1
"BIS,WS_CREDIT_GAP,1.0",Q.IN.P.A.A,Q:Quarterly,IN:India,P:Private non-financial sector,A:All sectors,A:Credit-to-GDP ratios (actual data),Percentage of GDP,Units,2004-06-30,F:Free,,A:Normal value,68.8
"BIS,WS_CREDIT_GAP,1.0",Q.IN.P.A.A,Q:Quarterly,IN:India,P:Private non-financial sector,A:All sectors,A:Credit-to-GDP ratios (actual data),Percentage of GDP,Units,2004-09-30,F:Free,,A:Normal value,69.3
"BIS,WS_CREDIT_GAP,1.0",Q.IN.P.A.A,Q:Quarterly,IN:India,P:Private non-financial sector,A:All sectors,A:Credit-to-GDP ratios (actual data),Percentage of GDP,Units,2004-12-31,F:Free,,A:Normal value,73.5
"BIS,WS_CREDIT_GAP,1.0",Q.IN.P.A.A,Q:Quarterly,IN:India,P:Private non-financial sector,A:All sectors,A:Credit-to-GDP ratios (actual data),Percentage of GDP,Units,2005-03-31,F:Free,,A:Normal value,75.7
"BIS,WS_CREDIT_GAP,1.0",Q.IN.P.A.A,Q:Quarterly,IN:India,P:Private non-financial sector,A:All sectors,A:Credit-to-GDP ratios (actual data),Percentage of GDP,Units,2005-06-30,F:Free,,A:Normal value,76.5
"BIS,WS_CREDIT_GAP,1.0",Q.IN.P.A.A,Q:Quarterly,IN:India,P:Private non-financial sector,A:All sectors,A:Credit-to-GDP ratios (actual data),Percentage of GDP,Units,2005-09-30,F:Free,,A:Normal value,81.1
"BIS,WS_CREDIT_GAP,1.0",Q.IN.P.A.A,Q:Quarterly,IN:India,P:Private non-financial sector,A:All sectors,A:Credit-to-GDP ratios (actual data),Percentage of GDP,Units,2005-12-31,F:Free,,A:Normal value,82.2
"BIS,WS_CREDIT_GAP,1.0",Q.IN.P.A.A,Q:Quarterly,IN:India,P:Private non-financial sector,A:All sectors,A:Credit-to-GDP ratios (actual data),Percentage of GDP,Units,2006-03-31,F:Free,,A:Normal value,89.2
"BIS,WS_CREDIT_GAP,1.0",Q.IN.P.A.A,Q:Quarterly,IN:India,P:Private non-financial sector,A:All sectors,A:Credit-to-GDP ratios (actual data),Percentage of GDP,Units,2006-06-30,F:Free,,A:Normal value,87.9
"BIS,WS_CREDIT_GAP,1.0",Q.IN.P.A.A,Q:Quarterly,IN:India,P:Private non-financial sector,A:All sectors,A:Credit-to-GDP ratios (actual data),Percentage of GDP,Units,2006-09-30,F:Free,,A:Normal value,91.1
"BIS,WS_CREDIT_GAP,1.0",Q.IN.P.A.A,Q:Quarterly,IN:India,P:Private non-financial sector,A:All sectors,A:Credit-to-GDP ratios (actual data),Percentage of GDP,Units,2006-12-31,F:Free,,A:Normal value,91.2
"BIS,WS_CREDIT_GAP,1.0",Q.IN.P.A.A,Q:Quarterly,IN:India,P:Private non-financial sector,A:All sectors,A:Credit-to-GDP ratios (actual data),Percentage of GDP,Units,2007-03-31,F:Free,,A:Normal value,96.8
"BIS,WS_CREDIT_GAP,1.0",Q.IN.P.A.A,Q:Quarterly,IN:India,P:Private non-financial sector,A:All sectors,A:Credit-to-GDP ratios (actual data),Percentage of GDP,Units,2007-06-30,F:Free,,A:Normal value,92.5
"BIS,WS_CREDIT_GAP,1.0",Q.IN.P.A.A,Q:Quarterly,IN:India,P:Private non-financial sector,A:All sectors,A:Credit-to-GDP ratios (actual data),Percentage of GDP,Units,2007-09-30,F:Free,,A:Normal value,94.8
"BIS,WS_CREDIT_GAP,1.0",Q.IN.P.A.A,Q:Quarterly,IN:India,P:Private non-financial sector,A:All sectors,A:Credit-to-GDP ratios (actual data),Percentage of GDP,Units,2007-12-31,F:Free,,A:Normal value,95.8
"BIS,WS_CREDIT_GAP,1.0",Q.IN.P.A.A,Q:Quarterly,IN:India,P:Private non-financial sector,A:All sectors,A:Credit-to-GDP ratios (actual data),Percentage of GDP,Units,2008-03-31,F:Free,,A:Normal value,102.2
"BIS,WS_CREDIT_GAP,1.0",Q.IN.P.A.A,Q:Quarterly,IN:India,P:Private non-financial sector,A:All sectors,A:Credit-to-GDP ratios (actual data),Percentage of GDP,Units,2008-06-30,F:Free,,A:Normal value,99.8
"BIS,WS_CREDIT_GAP,1.0",Q.IN.P.A.A,Q:Quarterly,IN:India,P:Private non-financial sector,A:All sectors,A:Credit-to-GDP ratios (actual data),Percentage of GDP,Units,2008-09-30,F:Free,,A:Normal value,101.8
"BIS,WS_CREDIT_GAP,1.0",Q.IN.P.A.A,Q:Quarterly,IN:India,P:Private non-financial sector,A:All sectors,A:Credit-to-GDP ratios (actual data),Percentage of GDP,Units,2008-12-31,F:Free,,A:Normal value,102.5
"BIS,WS_CREDIT_GAP,1.0",Q.IN.P.A.A,Q:Quarterly,IN:India,P:Private non-financial sector,A:All sectors,A:Credit-to-GDP ratios (actual data),Percentage of GDP,Units,2009-03-31,F:Free,,A:Normal value,106.3
"BIS,WS_CREDIT_GAP,1.0",Q.IN.P.A.A,Q:Quarterly,IN:India,P:Private non-financial sector,A:All sectors,A:Credit-to-GDP ratios (actual data),Percentage of GDP,Units,2009-06-30,F:Free,,A:Normal value,103.1
"BIS,WS_CREDIT_GAP,1.0",Q.IN.P.A.A,Q:Quarterly,IN:India,P:Private non-financial sector,A:All sectors,A:Credit-to-GDP ratios (actual data),Percentage of GDP,Units,2009-09-30,F:Free,,A:Normal value,104.6
"BIS,WS_CREDIT_GAP,1.0",Q.IN.P.A.A,Q:Quarterly,IN:India,P:Private non-financial sector,A:All sectors,A:Credit-to-GDP ratios (actual data),Percentage of GDP,Units,2009-12-31,F:Free,,A:Normal value,102.8
"BIS,WS_CREDIT_GAP,1.0",Q.IN.P.A.A,Q:Quarterly,IN:India,P:Private non-financial sector,A:All sectors,A:Credit-to-GDP ratios (actual data),Percentage of GDP,Units,2010-03-31,F:Free,,A:Normal value,106.2
"BIS,WS_CREDIT_GAP,1.0",Q.IN.P.A.A,Q:Quarterly,IN:India,P:Private non-financial sector,A:All sectors,A:Credit-to-GDP ratios (actual data),Percentage of GDP,Units,2010-06-30,F:Free,,A:Normal value,104.1
"BIS,WS_CREDIT_GAP,1.0",Q.IN.P.A.A,Q:Quarterly,IN:India,P:Private non-financial sector,A:All sectors,A:Credit-to-GDP ratios (actual data),Percentage of GDP,Units,2010-09-30,F:Free,,A:Normal value,103.5
"BIS,WS_CREDIT_GAP,1.0",Q.IN.P.A.A,Q:Quarterly,IN:India,P:Private non-financial sector,A:All sectors,A:Credit-to-GDP ratios (actual data),Percentage of GDP,Units,2010-12-31,F:Free,,A:Normal value,107.8
"BIS,WS_CREDIT_GAP,1.0",Q.IN.P.A.A,Q:Quarterly,IN:India,P:Private non-financial sector,A:All sectors,A:Credit-to-GDP ratios (actual data),Percentage of GDP,Units,2011-03-31,F:Free,,A:Normal value,107.4
"BIS,WS_CREDIT_GAP,1.0",Q.IN.P.A.A,Q:Quarterly,IN:India,P:Private non-financial sector,A:All sectors,A:Credit-to-GDP ratios (actual data),Percentage of GDP,Units,2011-06-30,F:Free,,A:Normal value,105.2
"BIS,WS_CREDIT_GAP,1.0",Q.IN.P.A.A,Q:Quarterly,IN:India,P:Private non-financial sector,A:All sectors,A:Credit-to-GDP ratios (actual data),Percentage of GDP,Units,2011-09-30,F:Free,,A:Normal value,104.4
"BIS,WS_CREDIT_GAP,1.0",Q.IN.P.A.A,Q:Quarterly,IN:India,P:Private non-financial sector,A:All sectors,A:Credit-to-GDP ratios (actual data),Percentage of GDP,Units,2011-12-31,F:Free,,A:Normal value,107.3
"BIS,WS_CREDIT_GAP,1.0",Q.IN.P.A.A,Q:Quarterly,IN:India,P:Private non-financial sector,A:All sectors,A:Credit-to-GDP ratios (actual data),Percentage of GDP,Units,2012-03-31,F:Free,,A:Normal value,107.1
"BIS,WS_CREDIT_GAP,1.0",Q.IN.P.A.A,Q:Quarterly,IN:India,P:Private non-financial sector,A:All sectors,A:Credit-to-GDP ratios (actual data),Percentage of GDP,Units,2012-06-30,F:Free,,A:Normal value,104.4
"BIS,WS_CREDIT_GAP,1.0",Q.IN.P.A.A,Q:Quarterly,IN:India,P:Private non-financial sector,A:All sectors,A:Credit-to-GDP ratios (actual data),Percentage of GDP,Units,2012-09-30,F:Free,,A:Normal value,105.7
"BIS,WS_CREDIT_GAP,1.0",Q.IN.P.A.A,Q:Quarterly,IN:India,P:Private non-financial sector,A:All sectors,A:Credit-to-GDP ratios (actual data),Percentage of GDP,Units,2012-12-31,F:Free,,A:Normal value,107.4
"BIS,WS_CREDIT_GAP,1.0",Q.IN.P.A.A,Q:Quarterly,IN:India,P:Private non-financial sector,A:All sectors,A:Credit-to-GDP ratios (actual data),Percentage of GDP,Units,2013-03-31,F:Free,,A:Normal value,104.4
"BIS,WS_CREDIT_GAP,1.0",Q.IN.P.A.A,Q:Quarterly,IN:India,P:Private non-financial sector,A:All sectors,A:Credit-to-GDP ratios (actual data),Percentage of GDP,Units,2013-06-30,F:Free,,A:Normal value,102.3
"BIS,WS_CREDIT_GAP,1.0",Q.IN.P.A.A,Q:Quarterly,IN:India,P:Private non-financial sector,A:All sectors,A:Credit-to-GDP ratios (actual data),Percentage of GDP,Units,2013-09-30,F:Free,,A:Normal value,99.9
"BIS,WS_CREDIT_GAP,1.0",Q.IN.P.A.A,Q:Quarterly,IN:India,P:Private non-financial sector,A:All sectors,A:Credit-to-GDP ratios (actual data),Percentage of GDP,Units,2013-12-31,F:Free,,A:Normal value,98.0
"BIS,WS_CREDIT_GAP,1.0",Q.IN.P.A.A,Q:Quarterly,IN:India,P:Private non-financial sector,A:All sectors,A:Credit-to-GDP ratios (actual data),Percentage of GDP,Units,2014-03-31,F:Free,,A:Normal value,98.2
"BIS,WS_CREDIT_GAP,1.0",Q.IN.P.A.A,Q:Quarterly,IN:India,P:Private non-financial sector,A:All sectors,A:Credit-to-GDP ratios (actual data),Percentage of GDP,Units,2014-06-30,F:Free,,A:Normal value,97.1
"BIS,WS_CREDIT_GAP,1.0",Q.IN.P.A.A,Q:Quarterly,IN:India,P:Private non-financial sector,A:All sectors,A:Credit-to-GDP ratios (actual data),Percentage of GDP,Units,2014-09-30,F:Free,,A:Normal value,98.3
"BIS,WS_CREDIT_GAP,1.0",Q.IN.P.A.A,Q:Quarterly,IN:India,P:Private non-financial sector,A:All sectors,A:Credit-to-GDP ratios (actual data),Percentage of GDP,Units,2014-12-31,F:Free,,A:Normal value,100.2
"BIS,WS_CREDIT_GAP,1.0",Q.IN.P.A.A,Q:Quarterly,IN:India,P:Private non-financial sector,A:All sectors,A:Credit-to-GDP ratios (actual data),Percentage of GDP,Units,2015-03-31,F:Free,,A:Normal value,98.7
"BIS,WS_CREDIT_GAP,1.0",Q.IN.P.A.A,Q:Quarterly,IN:India,P:Private non-financial sector,A:All sectors,A:Credit-to-GDP ratios (actual data),Percentage of GDP,Units,2015-06-30,F:Free,,A:Normal value,96.3
"BIS,WS_CREDIT_GAP,1.0",Q.IN.P.A.A,Q:Quarterly,IN:India,P:Private non-financial sector,A:All sectors,A:Credit-to-GDP ratios (actual data),Percentage of GDP,Units,2015-09-30,F:Free,,A:Normal value,97.0
"BIS,WS_CREDIT_GAP,1.0",Q.IN.P.A.A,Q:Quarterly,IN:India,P:Private non-financial sector,A:All sectors,A:Credit-to-GDP ratios (actual data),Percentage of GDP,Units,2015-12-31,F:Free,,A:Normal value,97.0
"BIS,WS_CREDIT_GAP,1.0",Q.IN.P.A.A,Q:Quarterly,IN:India,P:Private non-financial sector,A:All sectors,A:Credit-to-GDP ratios (actual data),Percentage of GDP,Units,2016-03-31,F:Free,,A:Normal value,92.9
"BIS,WS_CREDIT_GAP,1.0",Q.IN.P.A.A,Q:Quarterly,IN:India,P:Private non-financial sector,A:All sectors,A:Credit-to-GDP ratios (actual data),Percentage of GDP,Units,2016-06-30,F:Free,,A:Normal value,91.9
"BIS,WS_CREDIT_GAP,1.0",Q.IN.P.A.A,Q:Quarterly,IN:India,P:Private non-financial sector,A:All sectors,A:Credit-to-GDP ratios (actual data),Percentage of GDP,Units,2016-09-30,F:Free,,A:Normal value,86.4
"BIS,WS_CREDIT_GAP,1.0",Q.IN.P.A.A,Q:Quarterly,IN:India,P:Private non-financial sector,A:All sectors,A:Credit-to-GDP ratios (actual data),Percentage of GDP,Units,2016-12-31,F:Free,,A:Normal value,87.8
"BIS,WS_CREDIT_GAP,1.0",Q.IN.P.A.A,Q:Quarterly,IN:India,P:Private non-financial sector,A:All sectors,A:Credit-to-GDP ratios (actual data),Percentage of GDP,Units,2017-03-31,F:Free,,A:Normal value,87.2
"BIS,WS_CREDIT_GAP,1.0",Q.IN.P.A.A,Q:Quarterly,IN:India,P:Private non-financial sector,A:All sectors,A:Credit-to-GDP ratios (actual data),Percentage of GDP,Units,2017-06-30,F:Free,,A:Normal value,92.3
"BIS,WS_CREDIT_GAP,1.0",Q.IN.P.A.A,Q:Quarterly,IN:India,P:Private non-financial sector,A:All sectors,A:Credit-to-GDP ratios (actual data),Percentage of GDP,Units,2017-09-30,F:Free,,A:Normal value,94.5
"BIS,WS_CREDIT_GAP,1.0",Q.IN.P.A.A,Q:Quarterly,IN:India,P:Private non-financial sector,A:All sectors,A:Credit-to-GDP ratios (actual data),Percentage of GDP,Units,2017-12-31,F:Free,,A:Normal value,100.6
"BIS,WS_CREDIT_GAP,1.0",Q.IN.P.A.A,Q:Quarterly,IN:India,P:Private non-financial sector,A:All sectors,A:Credit-to-GDP ratios (actual data),Percentage of GDP,Units,2018-03-31,F:Free,,A:Normal value,96.2
"BIS,WS_CREDIT_GAP,1.0",Q.IN.P.A.A,Q:Quarterly,IN:India,P:Private non-financial sector,A:All sectors,A:Credit-to-GDP ratios (actual data),Percentage of GDP,Units,2018-06-30,F:Free,,A:Normal value,94.8
"BIS,WS_CREDIT_GAP,1.0",Q.IN.P.A.A,Q:Quarterly,IN:India,P:Private non-financial sector,A:All sectors,A:Credit-to-GDP ratios (actual data),Percentage of GDP,Units,2018-09-30,F:Free,,A:Normal value,93.0
"BIS,WS_CREDIT_GAP,1.0",Q.IN.P.A.A,Q:Quarterly,IN:India,P:Private non-financial sector,A:All sectors,A:Credit-to-GDP ratios (actual data),Percentage of GDP,Units,2018-12-31,F:Free,,A:Normal value,92.9
"BIS,WS_CREDIT_GAP,1.0",Q.IN.P.A.A,Q:Quarterly,IN:India,P:Private non-financial sector,A:All sectors,A:Credit-to-GDP ratios (actual data),Percentage of GDP,Units,2019-03-31,F:Free,,A:Normal value,89.5
"BIS,WS_CREDIT_GAP,1.0",Q.IN.P.A.A,Q:Quarterly,IN:India,P:Private non-financial sector,A:All sectors,A:Credit-to-GDP ratios (actual data),Percentage of GDP,Units,2019-06-30,F:Free,,A:Normal value,87.6
"BIS,WS_CREDIT_GAP,1.0",Q.IN.P.A.A,Q:Quarterly,IN:India,P:Private non-financial sector,A:All sectors,A:Credit-to-GDP ratios (actual data),Percentage of GDP,Units,2019-09-30,F:Free,,A:Normal value,86.8
"BIS,WS_CREDIT_GAP,1.0",Q.IN.P.A.A,Q:Quarterly,IN:India,P:Private non-financial sector,A:All sectors,A:Credit-to-GDP ratios (actual data),Percentage of GDP,Units,2019-12-31,F:Free,,A:Normal value,87.7
"BIS,WS_CREDIT_GAP,1.0",Q.IN.P.A.A,Q:Quarterly,IN:India,P:Private non-financial sector,A:All sectors,A:Credit-to-GDP ratios (actual data),Percentage of GDP,Units,2020-03-31,F:Free,,A:Normal value,85.6
"BIS,WS_CREDIT_GAP,1.0",Q.IN.P.A.A,Q:Quarterly,IN:India,P:Private non-financial sector,A:All sectors,A:Credit-to-GDP ratios (actual data),Percentage of GDP,Units,2020-06-30,F:Free,,A:Normal value,91.0
"BIS,WS_CREDIT_GAP,1.0",Q.IN.P.A.A,Q:Quarterly,IN:India,P:Private non-financial sector,A:All sectors,A:Credit-to-GDP ratios (actual data),Percentage of GDP,Units,2020-09-30,F:Free,,A:Normal value,94.1
"BIS,WS_CREDIT_GAP,1.0",Q.IN.P.A.A,Q:Quarterly,IN:India,P:Private non-financial sector,A:All sectors,A:Credit-to-GDP ratios (actual data),Percentage of GDP,Units,2020-12-31,F:Free,,A:Normal value,96.4
"BIS,WS_CREDIT_GAP,1.0",Q.IN.P.A.A,Q:Quarterly,IN:India,P:Private non-financial sector,A:All sectors,A:Credit-to-GDP ratios (actual data),Percentage of GDP,Units,2021-03-31,F:Free,,A:Normal value,93.6
"BIS,WS_CREDIT_GAP,1.0",Q.IN.P.A.A,Q:Quarterly,IN:India,P:Private non-financial sector,A:All sectors,A:Credit-to-GDP ratios (actual data),Percentage of GDP,Units,2021-06-30,F:Free,,A:Normal value,89.5
"BIS,WS_CREDIT_GAP,1.0",Q.IN.P.A.A,Q:Quarterly,IN:India,P:Private non-financial sector,A:All sectors,A:Credit-to-GDP ratios (actual data),Percentage of GDP,Units,2021-09-30,F:Free,,A:Normal value,87.8
"BIS,WS_CREDIT_GAP,1.0",Q.IN.P.A.A,Q:Quarterly,IN:India,P:Private non-financial sector,A:All sectors,A:Credit-to-GDP ratios (actual data),Percentage of GDP,Units,2021-12-31,F:Free,,A:Normal value,90.3
"BIS,WS_CREDIT_GAP,1.0",Q.IN.P.A.A,Q:Quarterly,IN:India,P:Private non-financial sector,A:All sectors,A:Credit-to-GDP ratios (actual data),Percentage of GDP,Units,2022-03-31,F:Free,,A:Normal value,89.1
"BIS,WS_CREDIT_GAP,1.0",Q.IN.P.A.A,Q:Quarterly,IN:India,P:Private non-financial sector,A:All sectors,A:Credit-to-GDP ratios (actual data),Percentage of GDP,Units,2022-06-30,F:Free,,A:Normal value,87.1
"BIS,WS_CREDIT_GAP,1.0",Q.IN.P.A.A,Q:Quarterly,IN:India,P:Private non-financial sector,A:All sectors,A:Credit-to-GDP ratios (actual data),Percentage of GDP,Units,2022-09-30,F:Free,,A:Normal value,88.1
"BIS,WS_CREDIT_GAP,1.0",Q.IN.P.A.A,Q:Quarterly,IN:India,P:Private non-financial sector,A:All sectors,A:Credit-to-GDP ratios (actual data),Percentage of GDP,Units,2022-12-31,F:Free,,A:Normal value,88.3
"BIS,WS_CREDIT_GAP,1.0",Q.IN.P.A.A,Q:Quarterly,IN:India,P:Private non-financial sector,A:All sectors,A:Credit-to-GDP ratios (actual data),Percentage of GDP,Units,2023-03-31,F:Free,,A:Normal value,88.8
"BIS,WS_CREDIT_GAP,1.0",Q.IN.P.A.A,Q:Quarterly,IN:India,P:Private non-financial sector,A:All sectors,A:Credit-to-GDP ratios (actual data),Percentage of GDP,Units,2023-06-30,F:Free,,A:Normal value,90.7
"BIS,WS_CREDIT_GAP,1.0",Q.IN.P.A.A,Q:Quarterly,IN:India,P:Private non-financial sector,A:All sectors,A:Credit-to-GDP ratios (actual data),Percentage of GDP,Units,2023-09-30,F:Free,,A:Normal value,89.1
"BIS,WS_CREDIT_GAP,1.0",Q.IN.P.A.A,Q:Quarterly,IN:India,P:Private non-financial sector,A:All sectors,A:Credit-to-GDP ratios (actual data),Percentage of GDP,Units,2023-12-31,F:Free,,A:Normal value,91.3
"BIS,WS_CREDIT_GAP,1.0",Q.IN.P.A.A,Q:Quarterly,IN:India,P:Private non-financial sector,A:All sectors,A:Credit-to-GDP ratios (actual data),Percentage of GDP,Units,2024-03-31,F:Free,,A:Normal value,91.6
"BIS,WS_CREDIT_GAP,1.0",Q.IN.P.A.A,Q:Quarterly,IN:India,P:Private non-financial sector,A:All sectors,A:Credit-to-GDP ratios (actual data),Percentage of GDP,Units,2024-06-30,F:Free,,A:Normal value,92.1
"BIS,WS_CREDIT_GAP,1.0",Q.IN.P.A.A,Q:Quarterly,IN:India,P:Private non-financial sector,A:All sectors,A:Credit-to-GDP ratios (actual data),Percentage of GDP,Units,2024-09-30,F:Free,,A:Normal value,91.7
"BIS,WS_CREDIT_GAP,1.0",Q.IN.P.A.A,Q:Quarterly,IN:India,P:Private non-financial sector,A:All sectors,A:Credit-to-GDP ratios (actual data),Percentage of GDP,Units,2024-12-31,F:Free,,A:Normal value,93.0
